objectid,title,creator,publisher,date,date_text,description,label_writer,subject,location,latitude,longitude,source,identifier,medium,type,format,language,rights,rightsstatement,display_template,purl,object_location,image_small,image_thumb,image_alt_text,object_transcript,iiif_url
ant320_01,Branding Slaves,William O. Blake,H. Miller,1860,1860,A print depicting an enslaved African woman being branded.,Basil Morris,Slavery; Slave Branding,,,,"William O. Blake, <em>The History of Slavery and the Slave Trade</em> (H. Miller, 1860), 97.",,Engraving,Image;StillImage,image/jpeg,en,Public Domain,https://creativecommons.org/publicdomain/mark/1.0/,image,https://www.slaveryimages.org/database/image-result.php?objectid=979,/objects/blake-branding.jpg,/objects/small/blake-branding_sm.jpg,/objects/thumbs/blake-branding_th.jpg,Print depicting three white men branding five black slaves.,,
ant320_02,"Stowage of the British slave ship ""Brookes"" under the Regulated Slave Trade Act of 1788",Unknown,,1778,1778,A print depicting how slaves were stowed on a British slave ship named Brookes.,Basil Morris,Slavery; Slave Ships,,,,Library of Congress Prints and Photographs,98504459,Engraving,Image;StillImage,image/jpeg,en,Public Domain,https://creativecommons.org/publicdomain/mark/1.0/,image,https://www.loc.gov/pictures/resource/cph.3a44236/,/objects/98504459.jpg,/objects/small/98504459_sm.jpg,/objects/thumbs/98504459_th.jpg,"Stowage of the British slave ship ""Brookes"" under the Regulated Slave Trade Act of 1788",,
ant320_03,"[Iron mask, collar, leg shackles and spurs used to restrict slaves]",Samuel Wood,,1807,1807,A print depicting various restraints used on slaves.,Basil Morris,Slavery; Slave Restraints,,,,Library of Congress Prints and Photographs,98504457,Engraving,Image;StillImage,image/jpeg,,Public Domain,https://creativecommons.org/publicdomain/mark/1.0/,image,https://www.loc.gov/pictures/item/98504457/,/objects/98504457.jpg,/objects/small/98504457_sm.jpg,/objects/thumbs/98504457_th.jpg,"[Iron mask, collar, leg shackles and spurs used to restrict slaves]",,
ant320_04,Scourged Back,McPherson & Oliver,,1863,"April 2, 1863",A photograph of an escaped man named Peter and his scars from being whipped by his enslavers.,Basil Morris,Slavery; Scoured Back,,,,"Liljenquist Family collection, Library of Congress Prints and Photographs",2018648117,Photographic print,Image;StillImage,image/jpeg,,Public Domain,https://creativecommons.org/publicdomain/mark/1.0/,image,https://www.loc.gov/pictures/item/2018648117/,/objects/2018648117.jpg,/objects/small/2018648117_sm.jpg,/objects/thumbs/2018648117_th.jpg,"[Escaped slave Gordon, also known as ""Whipped Peter,"" showing his scarred back at a medical examination, Baton Rouge, Louisiana]",,
ant320_05,The Growth of America,General Drafting Company,,1960,1960,,Brookie Arena,Westward Expansion; Trails,,,,Osher Map Library Collection,55597,Map,Image;StillImage,image/jpeg,en,In Copyright - Educational Use Permitted,http://rightsstatements.org/vocab/InC-EDU/1.0/,iiif,https://oshermaps.org/map/55597.0001,https://cdn1.historyit.com/iiif/5f34291499c4a6.60628694-116457/manifest?canvas_mode=assets&strip_tags=&child_metadata=?manifest=https://cdn1.historyit.com/iiif/5f34291499c4a6.60628694-116457/manifest?canvas_mode=assets&strip_tags=&child_metadata=,/objects/small/55597_sm.jpg,/objects/thumbs/55597_th.jpg,Map of the United States showing major routes of migration and dates of western expansion.,,
ant320_06,"Mount Rushmore, South Dakota, where living rock eternalizes the nation's progress",Unknown,,1950,[between 1950 and 1960],,Brookie Arena,Monument; Expansion; Manifest Destiny,"Mount Rushmore, South Dakota",43.88024807,-103.4588541,Library of Congress Prints and Photographs,2018653002,Photographic print,Image;StillImage,image/jpeg,en,Public Domain,https://creativecommons.org/publicdomain/mark/1.0/,image,https://lccn.loc.gov/2018653002,/objects/2018653002.jpg,/objects/small/2018653002_sm.jpg,/objects/thumbs/2018653002_th.jpg,Black and white stereograph of Mouth Rushmore in South Dakota.,,
ant320_07,"Gateway Arch, or Gateway to the West, the centerpiece of the Jefferson National Expansion Memorial, St. Louis, Missouri",Carol M. Highsmith,,1980,[between 1980-2006],"In St. Louis, the Gateway Arch, was built to memorialize westward expansion. The structure is the tallest man-made monument in the United States at 630 feet.",Brookie Arena,Monument; Westward Expansion; St. Louis,"St. Louis, Missouri",38.6245895,-90.18509564,"Photographs in the Carol M. Highsmith Archive, Library of Congress, Prints and Photographs Division",2011636061,Photographic print,Image;StillImage,image/jpeg,en,Public Domain,https://creativecommons.org/publicdomain/mark/1.0/,image,https://lccn.loc.gov/2011636061,/objects/2011636061.jpg,/objects/small/2011636061_sm.jpg,/objects/thumbs/2011636061_th.jpg,"Black and white photograph of the Gateway Arch, or Gateway to the West, the centerpiece of the Jefferson National Expansion Memorial, St. Louis, Missouri.",,
ant320_08,Devils Tower,John C. H. Grabill,,1890,1890,"Located in Wyoming, Devils Tower was made the first national monument under the Antiquities Act by Theodore Roosevelt in 1906 because of its scientific interest. ",Brookie Arena,Monument; Antiquities Act; Preservation,"Devils Tower, Wyoming",44.59057938,-104.7150861,Library of Congress Prints and Photographs,99613927,Photographic print,Image;StillImage,image/jpeg,en,Public Domain,https://creativecommons.org/publicdomain/mark/1.0/,image,https://lccn.loc.gov/99613927,/objects/99613927.jpg,/objects/small/99613927_sm.jpg,/objects/thumbs/99613927_th.jpg,Devil's Tower,,
ant320_09,Alcatraz. -- Indigenous peoples Thanksgiving. -- Celebrating 40 years of the American Indian Movement,Jesus Barraza,,2009,2009,Art celebrating 40 years of the American Indian Movement. Specifically celebrating the Alcatraz Occupation and what the Alcatraz Occupation meant for the American Indian Movement and for indigenous people’s rights in general.,Cameron Lounsbury,Alcatraz Occupation; American Indian Movement; Indigenous Rights,"Alcatraz Island, California",37.82667903,-122.4229509,"Library of Congress, Prints & Photographs Division, © Jesus Barraza, LC-DIG-ppmsca-76257",2022666754,Silkscreen print,Image;StillImage,image/jpeg,en,In Copyright,http://rightsstatements.org/vocab/InC/1.0/,image,https://www.loc.gov/pictures/item/2022666754/,/objects/2022666754.jpg,/objects/small/2022666754_sm.jpg,/objects/thumbs/2022666754_th.jpg,Poster celebrating 40 year of the American Indian Movement with a pictuer of a Native American man with a feather seen in profile.,,
ant320_10,Support the American Indian Movement,,American Indian Movement,1968,[between 1968-1980],Poster created by the American Indian Movement promoting the movement and its values. The American Movement is the larger nationwide movement that the Alcatraz Occupation was a catalyst and inspiration for. ,Cameron Lounsbury,American Indian Movement; Indigenous Rights,,,,"Yanker poster collection, Library of Congress Prints and Photographs",2016648080,Screen print,Image;StillImage,image/jpeg,en,Copyright Not Evaluated,http://rightsstatements.org/vocab/CNE/1.0/,image,https://www.loc.gov/pictures/item/2016648080/,/objects/2016648080.jpg,/objects/small/2016648080_sm.jpg,/objects/thumbs/2016648080_th.jpg,Screen print poster urging support for the American Indian Movement.,,
ant320_11,Edison and the Phonograph,Edison,,1877,December 1877,Thomas Edison poses with his second model phonograph in 1878. He claimed it was the first device that could record sound and play it back. The truth is more complicated than that.,Joseph McGeoghegan,Edison; sound,,,,Library of Congress Prints and Photographs,89714876,Photographic print,Image;StillImage,image/jpeg,,No Copyright - United States,http://rightsstatements.org/vocab/NoC-US/1.0/,image,https://www.loc.gov/pictures/resource/cph.3b44216/,/objects/89714876.jpg,/objects/small/89714876_sm.jpg,/objects/thumbs/89714876_th.jpg,"[Thomas Edison, full-length portrait, seated, facing front, with phonograph]",,
ant320_12,Phonautograph,Édouard-Léon Scott de Martinville,,1857,"began development 1853-54, patented March 1857","The phonautograph is the earliest sound recording device we know of. One would speak or sing into the horn, and the device would transcribe the sounds into markings on coal-blackened paper or glass. However, Scott intended for people to read the markings off the device and translate them to sounds, and did not design the device to play recordings back. The first known recording by a human (Scott singing Au Claire de la Lune in 1860) was not actually heard by anyone until March 2008.",Joseph McGeoghegan,sound; transcription,,,,"Édouard-Léon Scott de Martinville (1817–1879), Public domain, via Wikimedia Commons",,Print,Image;StillImage,image/jpeg,,Public Domain,https://creativecommons.org/publicdomain/mark/1.0/,image,https://commons.wikimedia.org/wiki/File:Phonautograph_1859.jpg,/objects/Phonautograph_1859.jpg,/objects/small/Phonautograph_1859_sm.jpg,/objects/thumbs/Phonautograph_1859_th.jpg,Black and white diagram of a phonautograph.,,
ant320_13,Kinetoscope,William Kennedy Laurie Dickson,,1892,"development began in 1889, finished in 1892","The kinetoscope was claimed to be the first motion picture projector by Edison, and he claimed credit for his invention. The reality is that he thought of the idea, told his employee WIlliam Dickson to get on it with his team, and then claimed the credit for its creation when it went public.",Joseph McGeoghegan,motion; edison,,,,"Albert Tissandier, Public domain, via Wikimedia Commons",,Print,Image;StillImage,image/jpeg,,Public Domain,https://creativecommons.org/publicdomain/mark/1.0/,image,https://commons.wikimedia.org/wiki/File:Kinetoscope.jpg,/objects/Kinetoscope.jpg,/objects/small/Kinetoscope_sm.jpg,/objects/thumbs/Kinetoscope_th.jpg,Black and white diagram of a kinetoscope.,,
ant320_14,The Electricity Building,"Henry Van Brunt, Frank Maynard Howe",,1893,May 1893,"The Electricity Building at the Columbian Exposition was a massive structure lit up with myriad light displays inside, a grand monument to mankind’s collaborative excellence. By all accounts, it was a genuinely dazzling sight. The lighting of the 1893 Chicago World’s Fair was a battleground for the rivalry between Thomas Edison and J.P. Morgan, and Nikola Tesla and George Westinghouse; this building represented Tesla and Westinghouse’s victory, and helped showcase the impending supremacy of AC (alternating current) over DC (direct current) electricity. Like most structures built for the 1893 Chicago World’s Fair, the Electricity Building was created with materials that weren’t meant to last, and it was demolished after the fair was over.",Joseph McGeoghegan,light; world’s fair,"Chicago, Illinois",41.78093822,-87.58036589,Library of Congress Prints and Photographs,2003681665,Lithographic print,Image;StillImage,image/jpeg,en,No Copyright - United States,http://rightsstatements.org/vocab/NoC-US/1.0/,image,https://www.loc.gov/pictures/item/2003681665/,/objects/2003681665.jpg,/objects/small/2003681665_sm.jpg,/objects/thumbs/2003681665_th.jpg,Electrical building. World's Columbian exposition,,
ant320_15,[Map of the upper Great Plains and Rocky Mountains region],"De Smet, Pierre-Jean, 1801-1873",,1851,1851,"This map represents an earlier moment before Native borders were heavily reduced by U.S. policies. The land appears more continuous and less restricted, showing how Indigenous territories once covered large regions of the West. In the context of this exhibit, this image serves as a starting point helping viewers see what Native land looked like before it began shrinking. It highlights how borders were not originally confined to small, rigid spaces, emphasizing the scale of land that would later be lost.",Madison Viveiros,Native American land; Western U.S.; pre-allotment; Indigenous geography; cultural landscapes,,,,Library of Congress Geography and Map Division,2005630226,Map,Image;StillImage,image/jpeg,en,Public Domain,https://creativecommons.org/publicdomain/mark/1.0/,iiif,http://hdl.loc.gov/loc.gmd/g4050.ct000883,https://www.loc.gov/item/2005630226/manifest.json,/objects/small/2005630226_sm.jpg,/objects/thumbs/2005630226_th.jpg,Map of the upper Great Plains and Rocky Mountains region,,
ant320_16,"Map showing Indian reservations within the limits of the United States compiled under the direction of D.M. Browning, commissioner of Indian Affairs",,United States. Office of Indian Affairs,1893,1893,"<p>The map shows a major shift in Native borders as they begin to shrink into smaller, defined reservation spaces. By 1893, Indigenous land has already been significantly reduced and reorganized by the U.S. government. Compared to earlier maps, Native territories are no longer large and continuous but broken into scattered sections. This item helps viewers see the process of shrinking in action, as land is confined and controlled, marking a transition from widespread homelands to restricted reservations.</p><p><em>-Madison Viveiros</em></p><p>Locates all the lands reserved for Native American tribes in 1893. Includes insets of Alaska, the Mission Indian Reservation in California, and the N.E. corner of Indian Territory.</p><p><em>- Nicholas Bateman</em></p>",Madison Viveiros; Nicholas Bateman,reservations; shrinking land; 1893; fragmentation; federal control,,,,Osher Map Library Collection,53970,Map,Image;StillImage,image/jpeg,en,Public Domain,https://creativecommons.org/publicdomain/mark/1.0/,iiif,https://oshermaps.org/map/53970.0001,https://cdn1.historyit.com/iiif/5f34291499c4a6.60628694-113030/manifest?canvas_mode=assets&strip_tags=&child_metadata=?manifest=https://cdn1.historyit.com/iiif/5f34291499c4a6.60628694-113030/manifest?canvas_mode=assets&strip_tags=&child_metadata=,/objects/small/53970_sm.jpg,/objects/thumbs/53970_th.jpg,Map of the United States depicting Indian Reservations in orange.,,
ant320_17,"Map of Tripp County, South Dakota showing allotment, allotment numbers, and deeded lands published by Samuel Chilton and C.W. Owen.",Unknown,,1908,1908,"This map  represents the final stage of Native border shrinking, where land is not only reduced but divided into small, individual plots. The grid pattern shows how the Dawes Act broke apart reservations, opening Native land to white settlers through lotteries. Instead of even small shared territories, the land is now fragmented into rigid squares, erasing traditional boundaries completely. This item demonstrates how Native borders didn’t just shrink—they were systematically broken apart, leaving little land under Indigenous control.",Madison Viveiros,Dawes Act; allotment; shrinking borders; land division; grid system; loss,"Tripp County, South Dakota",43.3629631,-99.91731602,Osher Map Library Collection,57016,Map,Image;StillImage,image/jpeg,en,Public Domain,https://creativecommons.org/publicdomain/mark/1.0/,iiif,https://oshermaps.org/map/57016.0001,https://cdn1.historyit.com/iiif/5f34291499c4a6.60628694-125374/manifest?canvas_mode=assets&strip_tags=&child_metadata=?manifest=https://cdn1.historyit.com/iiif/5f34291499c4a6.60628694-125374/manifest?canvas_mode=assets&strip_tags=&child_metadata=,/objects/small/57016_sm.jpg,/objects/thumbs/57016_th.jpg,"Map of Tripp County, South Dakota showing the grid of settlement allotments.",,
ant320_18,Bird's eye view of the World's Columbian Exposition,,Rand McNally and Company,1893,1893,"An illustration of the birds-eye view over the temporary exhibition and the greater city of Chicago in the background, creating an illusion of Chicago, presenting it as a city of wonder, when in reality it was a very optimistic and not particularly realistic depiction of how the city actually was for its time, with it being drawn in a particular way that clearly is meant to harken back to prior worlds fairs, rather than trying something new. ",Matthew Bressette,World Fair; 1893,"Chicago, Illinois",41.77965409,-87.5809072,Osher Map Library Collection,53092,Map,Image;StillImage,image/jpeg,en,Public Domain,https://creativecommons.org/publicdomain/mark/1.0/,iiif,https://oshermaps.org/map/53092.0001,https://cdn1.historyit.com/iiif/5f34291499c4a6.60628694-109335/manifest?canvas_mode=assets&strip_tags=&child_metadata=?manifest=https://cdn1.historyit.com/iiif/5f34291499c4a6.60628694-109335/manifest?canvas_mode=assets&strip_tags=&child_metadata=,/objects/small/53092_sm.jpg,/objects/thumbs/53092_th.jpg,Chromolithographic bird's-eye view of the World's Columbian Exposition in Chigaco.,,
ant320_19,Exposition Universelle,,Gibert-Clarey,1889,1889,"One of the earlier world fairs that directly inspired the American exhibitions, the map itself is a bird's-eye view of the fair, with postcards and other illustrations showing off only French culture, despite it supposedly being a world fair celebrating everyone. Which can be seen occurring again in the American Columbian Exposition just a couple of years later, starting a trend. ",Matthew Bressette,World Fair; 1889; European,"Paris, France",48.85719988,2.296331193,Osher Map Library Collection,58014,Map,Image;StillImage,image/jpeg,fr,Public Domain,https://creativecommons.org/publicdomain/mark/1.0/,iiif,https://oshermaps.org/map/58014.0001,https://cdn1.historyit.com/iiif/5f34291499c4a6.60628694-136950/manifest?canvas_mode=assets&strip_tags=&child_metadata=?manifest=https://cdn1.historyit.com/iiif/5f34291499c4a6.60628694-136950/manifest?canvas_mode=assets&strip_tags=&child_metadata=,/objects/small/58014_sm.jpg,/objects/thumbs/58014_th.jpg,Chromolithographic bird's-eye view of the Exposition Universelle de Paris in 1889.,,
ant320_20,"Shell presents the only map of the Fair that tells you how much time you need to go where you want, see what you want!",New York World's Fair 1964-1965 Corporation; Rand McNally and Company,"Time, Inc",1964,1964,"One of the most recent World Fairs hosted in America, which had a unique perspective with it being post ww2, with the map overall being similar to the previous World Fair in 1940, just that this map was produced by Shell, with the World Fair being an event being advertised by this map to convince people from all across the country and globe to travel to go see in cars and other vehicles fueled by gas, which Shell the gas company would massively benefit from. ",Matthew Bressette,World Fair; 1965; New York,"New York, New York",40.74629786,-73.84515299,Osher Map Library Collection,57294,Map,Image;StillImage,image/jpeg,en,In Copyright - Educational Use Permitted,http://rightsstatements.org/vocab/InC-EDU/1.0/,iiif,https://oshermaps.org/map/57294.0001,https://cdn1.historyit.com/iiif/5f34291499c4a6.60628694-129243/manifest?canvas_mode=assets&strip_tags=&child_metadata=?manifest=https://cdn1.historyit.com/iiif/5f34291499c4a6.60628694-129243/manifest?canvas_mode=assets&strip_tags=&child_metadata=,/objects/small/57294_sm.jpg,/objects/thumbs/57294_th.jpg,Site map of the 1964 World's Fair in New York.,,
ant320_21,A Map of the New York 1940 World’s Fair,General Motors Corporation,,1940,1940,"The layout of the World's Fair, with a focus on American culture, particularly of the government, with a purposeful exclusion of the rest of the world due to the isolationist policy of the age. With the layout being very different from other world fairs, adding another layer of detachment from Europe and tradition occurring at this world fair. ",Matthew Bressette,World Fair; 1940; New York,"New York, New York",40.74629786,-73.84515299,Osher Map Library Collection,52710,Map,Image;StillImage,image/jpeg,en,In Copyright - Educational Use Permitted,http://rightsstatements.org/vocab/InC-EDU/1.0/,iiif,https://oshermaps.org/map/52710.0001,https://cdn1.historyit.com/iiif/5f34291499c4a6.60628694-106927/manifest?canvas_mode=assets&strip_tags=&child_metadata=?manifest=https://cdn1.historyit.com/iiif/5f34291499c4a6.60628694-106927/manifest?canvas_mode=assets&strip_tags=&child_metadata=,/objects/small/52710_sm.jpg,/objects/thumbs/52710_th.jpg,Site map of the 1940 World's Fair in New York City.,,
ant320_22,America's products and the trucks that carry them,General Drafting Company,,1958,1958,,Micah Baird,America 250; transportation; agriculture; trucks,,,,Osher Map Library Collection,55314,Map,Image;StillImage,image/jpeg,en,In Copyright - Educational Use Permitted,http://rightsstatements.org/vocab/InC-EDU/1.0/,iiif,https://oshermaps.org/map/55314.0001,https://cdn1.historyit.com/iiif/5f34291499c4a6.60628694-109241/manifest?canvas_mode=assets&strip_tags=&child_metadata=?manifest=https://cdn1.historyit.com/iiif/5f34291499c4a6.60628694-109241/manifest?canvas_mode=assets&strip_tags=&child_metadata=,/objects/small/55314_sm.jpg,/objects/thumbs/55314_th.jpg,Map of the United States depicting American made products with transportation trucks around the map border.,,
ant320_24,A Food Map of the United States showing the part played by each of our states in supplying the nation's larde,"Fancher, Louis D., 1884-1944",,1931,1931,,Micah Baird,America 250; agriculture; food; production; US,,,,Osher Map Library Collection,53818,Map,Image;StillImage,image/jpeg,en,In Copyright - Educational Use Permitted,http://rightsstatements.org/vocab/InC-EDU/1.0/,iiif,https://oshermaps.org/map/53818.0001,https://cdn1.historyit.com/iiif/5f34291499c4a6.60628694-103698/manifest?canvas_mode=assets&strip_tags=&child_metadata=?manifest=https://cdn1.historyit.com/iiif/5f34291499c4a6.60628694-103698/manifest?canvas_mode=assets&strip_tags=&child_metadata=,/objects/small/53818_sm.jpg,/objects/thumbs/53818_th.jpg,Map of the United States depicting foods from each state.,,
ant320_25,Folklore and legends of our country : [United States],,General Drafting Company,1960,1960,,Micah Baird,America 250; folklore; paul bunyan; Esso,,,,Osher Map Library Collection,58960,Map,Image;StillImage,image/jpeg,en,In Copyright - Educational Use Permitted,http://rightsstatements.org/vocab/InC-EDU/1.0/,iiif,https://oshermaps.org/map/58960.0001,https://cdn1.historyit.com/iiif/5f34291499c4a6.60628694-198343/manifest?canvas_mode=assets&strip_tags=&child_metadata=?manifest=https://cdn1.historyit.com/iiif/5f34291499c4a6.60628694-198343/manifest?canvas_mode=assets&strip_tags=&child_metadata=,/objects/small/58960_sm.jpg,/objects/thumbs/58960_th.jpg,Pictorial map of the United States depicting folklore and legends from the different states.,,
ant320_26,"Map showing Indian reservations within the limits of the United States compiled under the direction of the Hon. W.A. Jones, Commissioner of Indian Affairs",,United States. Bureau of Indian Affairs,1903,1903,"From early colonial times, Europeans often removed native peoples from lands they wanted to occupy. In the 1830's, the Indian Removal Act marked the systematic U.S. federal policy to forcibly remove Native populations from European populated areas. Between 1887 and 1934, various governmental acts continued the removal of native peoples from their lands. This map is one of several versions showing the locations of reservations. ",Nicholas Bateman,reservation; American Indian; United States,,,,Osher Map Library Collection,54282,Map,Image;StillImage,image/jpeg,en,Public Domain,https://creativecommons.org/publicdomain/mark/1.0/,iiif,https://oshermaps.org/map/54282.0001,https://cdn1.historyit.com/iiif/5f34291499c4a6.60628694-108315/manifest?canvas_mode=assets&strip_tags=&child_metadata=?manifest=https://cdn1.historyit.com/iiif/5f34291499c4a6.60628694-108315/manifest?canvas_mode=assets&strip_tags=&child_metadata=,/objects/small/54282_sm.jpg,/objects/thumbs/54282_th.jpg,Map of the United States showing Indian Reservation territories.,,
ant320_28,Indians of the U.S.A.,"Jefferson, Louise E.",,1944,1944,Pictorial map showing locations of Native American tribes in the United States and southeastern Canada. Includes an additional vignette giving historical facts of interest for Native American and Western American history. ,Nicholas Bateman,American Indian; United States ,,,,Osher Map Library Collection,53971,Map,Image;StillImage,image/jpeg,en,No Copyright - United States,http://rightsstatements.org/vocab/InC-EDU/1.0/,iiif,https://oshermaps.org/map/53971.0001,https://cdn1.historyit.com/iiif/5f34291499c4a6.60628694-113032/manifest?canvas_mode=assets&strip_tags=&child_metadata=?manifest=https://cdn1.historyit.com/iiif/5f34291499c4a6.60628694-113032/manifest?canvas_mode=assets&strip_tags=&child_metadata=,/objects/small/53971_sm.jpg,/objects/thumbs/53971_th.jpg,Pictorial map of the United States with depictions of indigenous peoples in their territories.,,
ant320_29,"The Buffalo 92nd Infantry Division: a combat paper for combat men. v. 4 (no.10), June 17, 1944.","United States Army Infantry Division, 92nd Special Service Section",,1944,"June 17, 1944","Official newsletter of the 92nd Infantry Division known as the Buffalo Soldiers who were a segregated military division during World War II. The weekly newsletter kept the soldiers informed by publishing entertaining and educational columns in order to bolster confidence and morale while keeping a record of their experiences. One issue's front cover features the unit's boxing competitions. Most of the newsletters were published ""somewhere in Italy"" and also featured a Silver Star Roll of Honor for 31 recipients. The division participated in the Italy campaign. The logo was an American buffalo that was used in the 19th century by African-American troops. ",Nicholas Bateman,,,,,Osher Map Library Collection,59048,Newsletter,Text,image/jpeg,en,No Copyright - United States,http://rightsstatements.org/vocab/NoC-US/1.0/,iiif,https://oshermaps.org/map/59048_0001,https://cdn1.historyit.com/iiif/5f34291499c4a6.60628694-216898/manifest?canvas_mode=assets&strip_tags=&child_metadata=?manifest=https://cdn1.historyit.com/iiif/5f34291499c4a6.60628694-216898/manifest?canvas_mode=assets&strip_tags=&child_metadata=,/objects/small/59048_sm.jpg,/objects/thumbs/59048_th.jpg,"Issue of ""The Buffalo"" newsletter featuring pictures of boxers on the cover.",,
ant320_30,Indians of North America/ North America before Columbus,,National Geographic Society (U.S.),1974,1974,An account of the United States in the eyes of Columbus/ Europeans ,Olivia Healy,North America; Native Americans; Land,,,,Osher Map Library Collection,51468,Map,Image;StillImage,image/jpeg,en,In Copyright - Educational Use Permitted,http://rightsstatements.org/vocab/InC-EDU/1.0/,iiif,https://oshermaps.org/map/51468.0001,https://cdn1.historyit.com/iiif/5f34291499c4a6.60628694-106705/manifest?canvas_mode=assets&strip_tags=&child_metadata=?manifest=https://cdn1.historyit.com/iiif/5f34291499c4a6.60628694-106705/manifest?canvas_mode=assets&strip_tags=&child_metadata=,/objects/small/51468_sm.jpg,/objects/thumbs/51468_th.jpg,Map of North America showing major Indigenous Peoples and their territories. Around the border are images depicting the peoples and some traditional housing and clothing.,,
ant320_31,The Conquest of a Continent: a pictorial representation of the westward progress of the pioneer,"American Association of University Women, Bureau of Engraving, Inc. (Minneapolis, Minn.)",,1933,1933,An account of what the United States looks like in the eyes of Native Americans ,Olivia Healy,Westward Expansion; United States; Pioneers ,,,,Osher Map Library Collection,54173,Map,Image;StillImage,image/jpeg,en,In Copyright - Educational Use Permitted,http://rightsstatements.org/vocab/InC-EDU/1.0/,iiif,https://oshermaps.org/map/54173.0001,https://cdn1.historyit.com/iiif/5f34291499c4a6.60628694-108279/manifest?canvas_mode=assets&strip_tags=&child_metadata=?manifest=https://cdn1.historyit.com/iiif/5f34291499c4a6.60628694-108279/manifest?canvas_mode=assets&strip_tags=&child_metadata=,/objects/small/54173_sm.jpg,/objects/thumbs/54173_th.jpg,Pictorial map of the United States with major eras of Westward expansion depicted. Images of American history surround the map.,,
ant320_36,Territorial Development of the United States 1783 – 1903,"Hart, Albert Bushnell, 1854-1943",,1906,1906,"Map of the US with some topographical detail featuring several dates in big block numbers indicating the time of acquisition and incorporation of indicated land. “Porto Rico” is in a “pocket map” at the bottom, reading 1898, with ports labeled.",Suzanna Sylvain,Expansionism; Colonialism; United States; Territories; Puerto Rico; Guam; Hawai’i; Philippines; Alaska; State Incorporation; Manifest Destiny,,,,Osher Map Library Collection,4894,Map,Image;StillImage,image/jpeg,en,No Copyright - United States,http://rightsstatements.org/vocab/NoC-US/1.0/,iiif,https://oshermaps.org/map/4894.0027,https://cdn1.historyit.com/iiif/5f34291499c4a6.60628694-158165/manifest?canvas_mode=assets&strip_tags=&child_metadata=?manifest=https://cdn1.historyit.com/iiif/5f34291499c4a6.60628694-158165/manifest?canvas_mode=assets&strip_tags=&child_metadata=,/objects/small/4894_sm.jpg,/objects/thumbs/4894_th.jpg,"Map of the United States showing when areas were added to the nation, including westward expansion across North American and colonial expansion in the Caribbean and Pacific.",,
ant320_37,Theodore Roosevelt Spanish War Memorial Map,"Nisita, Carlo; Wickser, Josephine Wilhelm",,1935,1935,"Colorful infographic map with busts of white American military generals, admirals, and other military figureheads commemorating the US victories of the Spanish-American War, with Puerto Rico mapped as the setting of some American victories, with mention of Columbus and his misnaming of the peoples of the Americas as “Indians”, but no descriptions of the people who inhabit the land nor their victories in the war.",Suzanna Sylvain,Puerto Rico; Spanish-American War; Colonialism; Expansionism; Cuba; Philippines; China,,,,Osher Map Library Collection,58757,Map,Image;StillImage,image/jpeg,en,In Copyright - Educational Use Permitted,http://rightsstatements.org/vocab/InC-EDU/1.0/,iiif,https://oshermaps.org/map/58757.0001,https://cdn1.historyit.com/iiif/5f34291499c4a6.60628694-170488/manifest?canvas_mode=assets&strip_tags=&child_metadata=?manifest=https://cdn1.historyit.com/iiif/5f34291499c4a6.60628694-170488/manifest?canvas_mode=assets&strip_tags=&child_metadata=,/objects/small/58757_sm.jpg,/objects/thumbs/58757_th.jpg,Pictorial map depicting areas in the Spanish-American War.,,https://cdn1.historyit.com/iiif/2/5f34291499c4a6.60628694/664529670dbfe1.25161310.jpg/full/full/0/default.jpg
ant320_38,A Flier Announcing the March on Washington in 1963,March on Washington for Jobs and Freedom; Bayard Rustin; Cleveland Robinson,,1963,1963,"Flyer inviting people to join the civil rights protest, March on Washington, in 1963. Poster created by March on Washington for Jobs and Freedom. ",Abigail Clark,Civil Rights Movement; African American; Social Politics; Activism; Protest,,,,Collection of the Smithsonian National Museum of African American History and Culture,nmaahc_2010.45.7,Print,Image;StillImage,image/jpeg,en,Public Domain,https://creativecommons.org/publicdomain/mark/1.0/,iiif,http://n2t.net/ark:/65665/fd50fd81049-b977-41e5-b84e-dd1032ea0cfa,https://ids.si.edu/ids/manifest/NMAAHC-2010_45_7_001,/objects/small/NMAAHC-2010_45_7_001_sm.jpg,/objects/thumbs/NMAAHC-2010_45_7_001_th.jpg,Poster advertising the March on Washington.,"An Appeal to You from / Mathew Ahmann, Eugene Carson Blake, James Farmer, Martin Luther King, Jr., John Lewis, Isaiah Minkoff, A. Philip Randolph, Walter Reuther, Roy Wilkins, and Whitney Young / to MARCH on / WASHINGTON / WEDNESDAY AUGUST 28, 1963 / America faces a crisis... / Millions of Negroes are denied freedom / Millions of citizens, black and white, are unemployed... / We demand: - Meaningful Civil Rights Laws / Full and Fair Employment / Massive Federal Works Program / Decent Housing / The Right to Vote / Adequate Integrated Education / In your community, groups are mobilizing for the March. You can get information on how to go to Washington by calling civil rights organizations, religion organizations, trade unions, fraternal organizations and youth groups. / Nathional Office - / March on Washington for Jobs and Freedom / 170 West 130 Street New York 27 FI 8-1900 / Cleveland Robinson / Chairman, Administrative committee / Bayard Rusin / Deputy Director",
ant320_39,Destruction of tea at Boston Harbor[New York],,N. Currier,1846,1846,"This illustration depicts colonial Americans throwing tea into the Boston harbor, one of the most well known and oldest examples of American Protest. Members of the protest dressed as Mohawk Indians to disguise themselves as to avoid punishment for treason.",Abigail Clark,Boston Tea Party; Colonial America; Activism; Protest,"Boston, Massachusetts",42.3542412,-71.05091667,Library of Congress Prints and Photographs,91795889,Print,Image;StillImage,image/jpeg,en,Public Domain,https://creativecommons.org/publicdomain/mark/1.0/,image,http://hdl.loc.gov/loc.pnp/pga.08593,/objects/91795889.jpg,/objects/small/91795889_sm.jpg,/objects/thumbs/91795889_th.jpg,"Lithographic print depicting the Boston Tea Party with Bostonians celebrating on docks while others, dressed as Native Americans, are on a ship throwing crates of tea into the harbor.",,
ant320_40,Declaration of The Return of Indian Land,Indians of All Tribes,,1969,1969,"Proclamation read by Richard Oakes to the press and government officials at the recently destroyed American Indian Center in San Francisco. The statement was read 11 days before Oakes led 89 Native Americans on boat to Alcatraz, where a 19-month-long occupation and protest began. ",Abigail Clark,Alcatraz Occupation; Native American Land Rights; Activism; Protest,"Alcatraz Island, California",37.82667903,-122.4229509,Ilka Hartmann,declaration,Photographic print,Image;StillImage,image/jpeg,en,In Copyright - Educational Use Permitted,http://rightsstatements.org/vocab/InC-EDU/1.0/,image,https://muscarelle.wm.edu/rising/alcatraz/,/objects/declaration.jpg,/objects//small/declaration_sm.jpg,/objects/thumbs/declaration_th.jpg,Declaration handwritten on stretched animal hide.,,